AnimalID,Age_weeks,Sex,Strain,Diet,Weight_g
1,7,F,FVB/N,Medium,19.965397484591172
2,4,F,FVB/N,Low,12.236130721806218
3,11,F,129/Sv,Low,24.088657590961436
4,8,M,BALB/c,Low,17.197315707405597
5,5,F,FVB/N,Medium,14.38234810456565
6,7,F,DBA/2,Medium,14.68392714397295
7,10,F,C57BL/6,High,25.615771149771142
8,3,M,C57BL/6,Low,9.203884437168817
9,7,F,C57BL/6,High,18.860553724319
10,11,M,BALB/c,Low,22.54981073514859
11,11,M,129/Sv,Medium,27.000527958856598
12,8,M,FVB/N,Medium,22.601206748929116
13,5,M,DBA/2,Medium,10.556145183866459
14,4,M,DBA/2,Low,5.703819046862762
15,8,M,BALB/c,Medium,18.449463150508418
16,8,F,C57BL/6,Low,15.779287574085842
17,3,M,BALB/c,High,10.491859802352689
18,6,F,129/Sv,Low,13.852219681182529
19,5,F,129/Sv,High,15.546751590976987
20,2,M,FVB/N,Low,9.452467534470745
21,8,F,FVB/N,High,23.32674476460232
22,12,F,129/Sv,Medium,28.300474359610828
23,6,F,129/Sv,High,18.6222071440434
24,2,F,129/Sv,Medium,6.861166882219231
25,12,M,BALB/c,Medium,28.039111787420268
26,5,F,129/Sv,High,15.92423571346454
27,1,M,DBA/2,Low,2.6704806172412123
28,12,F,C57BL/6,Low,23.928142766959844
29,10,F,129/Sv,Low,20.446241233983937
30,6,M,C57BL/6,Low,14.81788965802503
31,12,F,BALB/c,Low,24.376409526097518
32,9,F,C57BL/6,Medium,20.09794844564249
33,1,F,BALB/c,Low,1.1303369187253056
34,11,M,DBA/2,Medium,25.125434784414768
35,11,F,BALB/c,Medium,22.810588107132673
36,10,M,BALB/c,Medium,24.642672953255964
37,12,F,FVB/N,High,30.09937926535213
38,12,M,129/Sv,High,31.63839192560838
39,3,M,129/Sv,Medium,10.671381524251016
40,12,F,DBA/2,High,27.603187431082343
41,7,F,DBA/2,Low,12.455885997885808
42,4,M,129/Sv,Low,10.837207093927706
43,9,M,FVB/N,Medium,24.04091917539572
44,3,F,129/Sv,Low,6.997812544218528
45,5,M,FVB/N,Medium,16.740824345420126
46,3,F,DBA/2,Medium,6.486786433528414
47,7,F,C57BL/6,Low,14.771400084659982
48,5,F,DBA/2,High,12.005650625391487
49,9,F,DBA/2,Low,14.43766634120469
50,7,M,BALB/c,Low,14.80897223739983
51,2,F,BALB/c,Medium,8.412615421612916
52,4,M,BALB/c,Medium,11.784604287898024
53,9,F,BALB/c,Medium,19.980739620265606
54,12,M,FVB/N,Medium,29.737109170791733
55,2,F,129/Sv,High,10.022465892812047
56,10,M,C57BL/6,High,26.54711911517521
57,9,M,DBA/2,High,20.819187184691156
58,10,F,FVB/N,Medium,26.114321694668874
59,5,F,C57BL/6,Medium,13.715381315441244
60,2,F,FVB/N,Medium,9.718185725707935
61,4,F,FVB/N,High,15.438475738809727
62,12,M,DBA/2,Medium,26.01961665769399
63,12,F,129/Sv,Low,26.67286123596682
64,7,M,BALB/c,Low,15.591814133741378
65,12,M,129/Sv,Medium,28.645959289058975
66,8,F,DBA/2,Low,14.4263982271031
67,3,M,DBA/2,Low,6.101856295261987
68,1,M,DBA/2,High,7.549020151495188
69,4,M,C57BL/6,Medium,10.760892924346098
70,2,M,129/Sv,Medium,7.53247473424756
71,8,F,129/Sv,High,22.164760841236518
72,4,F,FVB/N,Low,11.050887701856018
73,2,F,FVB/N,Low,7.173341664370408
74,6,F,FVB/N,Medium,17.2439531979085
75,6,M,DBA/2,Low,11.776797745365196
76,10,M,129/Sv,High,28.489863438602082
77,4,F,DBA/2,High,9.399096021523484
78,6,F,C57BL/6,Medium,14.171502975219754
79,2,F,FVB/N,High,10.896745239850953
80,10,M,DBA/2,High,22.356811188845832
81,12,F,DBA/2,Medium,24.824145595567927
82,2,F,C57BL/6,High,10.661470165728018
83,10,F,BALB/c,High,24.02088648829596
84,4,M,129/Sv,High,15.230700905718683
85,8,M,BALB/c,Low,15.739835234827419
86,7,M,FVB/N,Medium,19.383638591960523
87,12,M,DBA/2,Medium,25.62480361967606
88,9,M,C57BL/6,Medium,21.682284903243765
89,8,M,C57BL/6,Low,19.28164379500377
90,5,M,129/Sv,Low,13.557691060725125
91,2,M,BALB/c,Medium,5.888542043062968
92,5,F,129/Sv,Low,12.246504778432005
93,8,F,DBA/2,Medium,17.498221748496785
94,10,M,129/Sv,Low,24.140149038521265
95,9,M,C57BL/6,High,25.580540686568373
96,12,F,C57BL/6,High,27.98490580817213
97,12,M,FVB/N,Medium,29.189142488789663
98,12,M,FVB/N,Low,26.742422141085385
99,9,M,DBA/2,Low,17.765980140893017
100,1,F,BALB/c,High,6.466358374446335
101,9,F,129/Sv,High,24.9873345165891
102,7,F,DBA/2,Low,12.924048976357478
103,9,F,FVB/N,Low,20.680152476745157
104,8,F,129/Sv,Low,18.15175799224874
105,1,M,FVB/N,Low,5.164857098369977
106,12,F,129/Sv,Low,28.089538721694773
107,8,M,BALB/c,Low,15.39233897288194
108,8,M,DBA/2,Medium,18.184740578895724
109,11,F,129/Sv,Low,26.023606219229638
110,3,F,C57BL/6,High,11.006799844559998
111,1,M,C57BL/6,Medium,5.809960964998505
112,8,M,129/Sv,Low,18.64255457718957
113,3,M,129/Sv,High,12.819608318237592
114,3,F,129/Sv,Medium,11.37284847467653
115,1,F,C57BL/6,High,4.788138088670493
116,11,F,C57BL/6,Low,24.533433701296325
117,5,F,129/Sv,Low,10.576042847549855
118,10,F,FVB/N,Low,22.733347670765585
119,7,M,FVB/N,Low,17.570755579701338
120,10,F,BALB/c,Medium,22.58855326977072
121,9,M,DBA/2,Medium,18.401875648116253
122,12,M,FVB/N,High,32.46217266608194
123,7,M,C57BL/6,Low,18.024309623286854
124,9,F,FVB/N,High,23.63682599540719
125,8,F,BALB/c,Medium,18.189706167610396
126,12,F,BALB/c,Low,23.33801782220339
127,2,M,DBA/2,Low,4.425887206193035
128,1,M,FVB/N,Medium,8.019147777415752
129,7,M,C57BL/6,Medium,17.35851309095569
130,7,M,C57BL/6,Medium,18.487872284871074
131,8,M,129/Sv,Medium,22.804348109786744
132,5,M,C57BL/6,Medium,13.8090962082727
133,3,F,DBA/2,Low,5.719757942148182
134,12,F,DBA/2,Medium,23.706727042128836
135,8,F,C57BL/6,Low,16.043563623181992
136,6,F,C57BL/6,Low,13.472406277880378
137,11,M,129/Sv,Medium,28.484116028535965
138,3,M,C57BL/6,Medium,10.35561334878566
139,1,F,129/Sv,Low,3.6869419694768455
140,3,M,129/Sv,Medium,10.999291405423355
141,5,F,C57BL/6,Medium,11.749592266030282
142,3,F,BALB/c,Medium,8.604515326355367
143,1,F,BALB/c,High,6.88233306232341
144,5,M,129/Sv,Low,12.54790966716692
145,10,F,C57BL/6,High,24.5299578522405
146,7,F,BALB/c,Medium,16.26587822965205
147,7,F,C57BL/6,High,18.563280263959406
148,11,M,C57BL/6,Medium,25.933867385374178
149,9,M,C57BL/6,High,26.099721789166516
150,10,F,FVB/N,Medium,24.752974299254003
151,10,M,C57BL/6,High,25.64165984797878
152,12,M,FVB/N,High,31.35245819436484
153,3,M,129/Sv,High,13.744191971499937
154,7,M,BALB/c,Low,14.818775826781897
155,1,M,BALB/c,High,6.350626961678574
156,4,M,BALB/c,Low,10.321304032273012
157,4,M,BALB/c,Medium,12.419603004513638
158,5,M,BALB/c,High,14.399576434261295
159,7,M,BALB/c,Medium,15.133460048639384
160,7,M,BALB/c,Medium,18.007513689836923
161,11,F,129/Sv,High,27.315370174239995
162,4,F,C57BL/6,Low,9.79062559916277
163,7,M,DBA/2,High,16.029896182288166
164,11,F,FVB/N,Medium,27.89259733829931
165,3,F,DBA/2,Medium,5.788828070719219
166,6,M,DBA/2,High,16.730764119066524
167,12,M,C57BL/6,Low,26.014273067836434
168,2,M,C57BL/6,Low,5.046060580603355
169,10,F,C57BL/6,Medium,22.59296368707322
170,9,F,BALB/c,Medium,20.686318456956702
171,5,M,129/Sv,Low,13.105894453115233
172,6,M,BALB/c,High,17.584412980472486
173,12,M,129/Sv,Medium,30.976440584515487
174,12,F,129/Sv,Low,24.43575838828895
175,12,F,DBA/2,Medium,26.617212574968622
176,12,F,DBA/2,High,27.104355937523213
177,4,F,129/Sv,Low,9.101215951676872
178,11,M,129/Sv,Medium,25.669686374261012
179,10,M,BALB/c,High,24.810879609222965
180,7,M,BALB/c,Medium,17.92165011192446
181,12,M,DBA/2,High,27.872450879622466
182,9,F,C57BL/6,High,24.511154930247347
183,7,F,129/Sv,Low,14.548824309948442
184,1,M,BALB/c,High,6.987911052153946
185,1,M,DBA/2,Medium,2.7476065555868807
186,9,F,BALB/c,High,22.36363188262497
187,11,M,129/Sv,High,29.8868873900973
188,9,F,129/Sv,Low,19.579238206318948
189,4,M,FVB/N,High,13.395786143372867
190,9,M,C57BL/6,High,24.198948146796493
191,3,M,FVB/N,Medium,12.436738551733509
192,7,M,DBA/2,Low,14.404294754961697
193,6,M,BALB/c,Low,14.235782191822153
194,8,M,DBA/2,Low,14.928946320350951
195,11,M,129/Sv,High,29.680216105450448
196,9,F,FVB/N,Low,22.192507512477974
197,5,F,FVB/N,High,15.221412415993484
198,1,F,FVB/N,High,9.319651825918978
199,3,F,DBA/2,Medium,6.495820168992329
200,10,F,129/Sv,Medium,23.918477326898355
201,12,M,BALB/c,Medium,27.347676483538336
202,8,M,BALB/c,Medium,18.51277143588645
203,11,F,DBA/2,Medium,22.324291920838387
204,6,M,FVB/N,High,20.034152417488023
205,8,F,C57BL/6,High,19.912754061137196
206,9,F,DBA/2,Low,15.914174871114815
207,4,M,DBA/2,High,12.679373282956503
208,1,M,129/Sv,High,7.851205964841344
209,1,M,BALB/c,Medium,5.666312500909212
210,10,F,DBA/2,High,23.46259129285395
211,4,M,DBA/2,Medium,8.274193271209404
212,12,F,FVB/N,Low,26.322435347664346
213,7,F,FVB/N,Low,18.19410940304737
214,2,F,C57BL/6,High,8.018834468860318
215,3,M,129/Sv,Low,8.535595737690612
216,1,M,C57BL/6,High,8.462060893251897
217,5,F,FVB/N,Low,13.783390509282595
218,1,M,BALB/c,Medium,4.748461113955504
219,8,M,FVB/N,Medium,21.40248980530836
220,1,M,129/Sv,Medium,8.422369861698508
221,11,F,FVB/N,Medium,28.73889966379758
222,1,F,129/Sv,High,8.978858050781795
223,2,M,129/Sv,Low,7.085318142565024
224,2,F,129/Sv,High,9.191734278359073
225,12,M,129/Sv,Medium,28.169555593443434
226,6,M,129/Sv,High,19.522514105265756
227,7,M,BALB/c,Low,15.418398220888683
228,5,M,C57BL/6,High,17.401598592946428
229,1,F,DBA/2,Low,1.6504500925361392
230,1,F,C57BL/6,High,5.496919698240182
231,3,F,129/Sv,Low,9.051947617722918
232,2,M,BALB/c,Low,4.001939372685587
233,5,M,FVB/N,Medium,15.616028728047649
234,12,M,BALB/c,Low,25.250200206251694
235,10,F,129/Sv,Medium,25.995667489783965
236,6,M,BALB/c,Medium,18.10991855600536
237,7,F,BALB/c,Medium,16.606723059136183
238,4,F,129/Sv,High,13.816803381279612
239,7,F,BALB/c,High,18.53450564848055
240,11,F,DBA/2,High,25.887655425873835
241,8,F,DBA/2,High,18.679332374442808
242,11,F,BALB/c,Low,23.795211355912322
243,1,M,FVB/N,Low,6.230070759191402
244,6,M,129/Sv,High,19.497743089091394
245,8,F,DBA/2,Low,15.665924252054461
246,5,F,FVB/N,Low,13.421586610614456
247,4,M,BALB/c,Medium,11.838940500469612
248,2,F,FVB/N,Medium,8.382746813453076
249,6,F,C57BL/6,Medium,14.441698246053969
250,6,M,DBA/2,Medium,12.899845767028305
251,11,F,BALB/c,Low,22.439501230620227
252,1,F,129/Sv,High,8.778936503512114
253,9,F,BALB/c,Low,18.457772866151885
254,12,M,129/Sv,Low,28.674492433347538
255,11,M,BALB/c,Low,22.994403981170954
256,6,M,FVB/N,Medium,18.668741655592513
257,3,F,FVB/N,Medium,9.908299123860687
258,4,F,FVB/N,Medium,12.612900297525599
259,12,M,C57BL/6,High,30.695537757565777
260,11,F,129/Sv,Low,24.849102110743143
261,4,F,FVB/N,High,14.706033052335817
262,3,F,C57BL/6,Medium,8.928400748141932
263,10,F,129/Sv,High,24.48212625331919
264,3,F,BALB/c,Low,5.642970799193391
265,3,M,C57BL/6,Low,8.890383163519786
266,4,F,DBA/2,Medium,9.575205016106565
267,7,M,C57BL/6,Medium,18.50066572138121
268,4,F,C57BL/6,High,13.04977368718096
269,9,M,129/Sv,Medium,23.007063158628178
270,1,F,BALB/c,Medium,3.339678860526553
271,8,M,DBA/2,Low,16.698828420202535
272,7,F,FVB/N,Medium,19.42097294438939
273,2,M,FVB/N,Medium,10.4920188479928
274,8,F,C57BL/6,Low,16.47396515733242
275,1,M,129/Sv,Low,2.8466570801287556
276,11,F,129/Sv,High,29.097152711753697
277,12,M,FVB/N,Medium,29.521162543991597
278,9,M,DBA/2,Low,17.13722423595688
279,9,F,BALB/c,High,22.693478911913992
280,2,F,DBA/2,High,6.6079873600808705
281,7,M,BALB/c,Medium,18.059936384046622
282,10,F,FVB/N,Medium,25.617005949576697
283,3,M,BALB/c,High,11.683569323200478
284,7,M,129/Sv,Low,15.634044288799466
285,12,M,C57BL/6,High,31.2119439853864
286,10,F,C57BL/6,Medium,23.261250531233856
287,9,M,FVB/N,Low,21.630722860753796
288,4,M,129/Sv,Low,11.143388467342252
289,12,F,DBA/2,High,25.22376476710168
290,1,F,129/Sv,Medium,6.408652811480671
291,2,F,C57BL/6,High,7.970628491817928
292,1,F,C57BL/6,High,5.647329714156466
293,12,M,129/Sv,High,29.47764081378211
294,5,M,129/Sv,Low,14.112688374989926
295,5,M,C57BL/6,Low,11.370736606307212
296,11,M,DBA/2,Medium,25.533727709916498
297,7,F,FVB/N,Medium,18.464198536947702
298,9,M,FVB/N,High,24.292642042407053
299,9,M,129/Sv,High,23.88347556005134
300,3,F,FVB/N,High,14.235811620006938
301,3,M,C57BL/6,Medium,9.844101822063333
302,3,M,C57BL/6,Low,7.451712703509399
303,4,M,129/Sv,Low,11.160018225852788
304,8,M,129/Sv,High,23.501782736167545
305,6,M,129/Sv,High,20.11739881590246
306,8,M,DBA/2,High,21.448499229892928
307,1,F,FVB/N,High,8.640231354210915
308,8,F,129/Sv,Medium,18.67395231391796
309,4,M,BALB/c,Low,8.586534838876723
310,11,M,BALB/c,High,27.260280506582887
311,1,F,C57BL/6,Medium,4.036241073789389
312,8,M,FVB/N,High,23.042849085104958
313,4,M,129/Sv,High,15.343787881549886
314,6,M,BALB/c,Low,12.951347648429548
315,8,F,FVB/N,High,23.032796995411587
316,4,M,C57BL/6,Low,9.24150466529993
317,3,F,DBA/2,Low,4.769599285794233
318,9,M,FVB/N,Low,21.075766855731697
319,3,F,FVB/N,Medium,11.890198411124787
320,9,F,DBA/2,Medium,20.03524933472375
321,2,M,FVB/N,Low,6.153812137761906
322,2,F,C57BL/6,High,8.07048913980759
323,2,M,C57BL/6,Low,4.5034707449099205
324,6,F,DBA/2,High,14.349976065593102
325,3,M,129/Sv,Low,8.91656203020964
326,9,M,BALB/c,High,21.55035478030147
327,4,F,129/Sv,Medium,11.078140186874688
328,1,M,FVB/N,High,8.996042627918502
329,4,M,BALB/c,Low,9.207267329398944
330,1,F,DBA/2,Medium,3.0693443370362505
331,5,M,DBA/2,High,13.278262446662747
332,4,M,BALB/c,High,13.176820872139398
333,8,F,C57BL/6,High,20.453319915412735
334,8,F,BALB/c,High,19.728344889673945
335,7,M,FVB/N,High,23.673452090298536
336,3,M,C57BL/6,Medium,11.340461051790347
337,1,F,DBA/2,Medium,1.7004187630724024
338,1,F,BALB/c,Medium,4.829732417879175
339,12,M,129/Sv,Medium,29.81139655449159
340,11,F,129/Sv,Low,22.851736711247383
341,3,M,FVB/N,Medium,12.81877764375486
342,6,M,129/Sv,High,20.537931918412554
343,7,M,BALB/c,High,17.877455193755587
344,6,M,BALB/c,Medium,14.082497178985736
345,6,M,129/Sv,High,20.017661466843503
346,6,F,BALB/c,Medium,14.271495310825648
347,3,F,FVB/N,High,13.551476275239523
348,6,F,C57BL/6,Low,13.340589216400497
349,8,F,FVB/N,Low,19.390695920928145
350,11,M,FVB/N,Medium,26.67352787168892
351,11,M,BALB/c,Medium,26.04731770662145
352,2,M,C57BL/6,Medium,9.169589992427774
353,5,M,BALB/c,High,14.770609255931973
354,1,F,DBA/2,Medium,2.9565230501861377
355,12,M,BALB/c,Low,23.468892497444276
356,1,M,BALB/c,High,7.514254756017835
357,5,F,BALB/c,Medium,12.572057441714144
358,12,F,C57BL/6,High,28.93780898300069
359,3,F,BALB/c,High,11.124353359870502
360,4,F,C57BL/6,Medium,10.66592276902006
361,3,M,129/Sv,High,13.5646059258936
362,1,M,DBA/2,Low,0.9803356613078844
363,1,F,C57BL/6,Low,2.976447849125762
364,12,M,129/Sv,High,30.825645742097166
365,12,M,C57BL/6,Medium,28.22530792204094
366,5,M,C57BL/6,High,15.63047307116664
367,6,F,DBA/2,Low,10.868527404328333
368,3,M,FVB/N,High,14.826047171441505
369,12,F,FVB/N,High,30.56323576276178
370,9,M,C57BL/6,Low,18.39342289926132
371,5,M,BALB/c,High,16.74958390420542
372,8,M,129/Sv,High,24.381454078690485
373,1,F,BALB/c,Medium,2.7077373048943816
374,5,M,BALB/c,Medium,13.689707805245195
375,3,F,C57BL/6,Low,6.497025229448657
376,12,F,C57BL/6,Low,25.26348721533106
377,1,F,C57BL/6,Low,3.294224129013494
378,4,M,C57BL/6,Medium,11.765592199683677
379,5,M,FVB/N,Low,13.216234334413603
380,7,M,C57BL/6,Low,15.30945894768374
381,1,M,FVB/N,Low,5.083808084518758
382,3,F,FVB/N,Medium,10.168177791769555
383,2,F,C57BL/6,High,8.932821709950645
384,9,F,DBA/2,Low,16.28424001088925
385,10,M,129/Sv,High,27.682052065712618
386,6,F,BALB/c,Low,13.487246155335928
387,10,M,FVB/N,High,27.41994675862996
388,3,F,129/Sv,Medium,10.239404500535377
389,8,M,DBA/2,Medium,18.499685110302934
390,8,M,BALB/c,Low,17.472002270919276
391,2,F,BALB/c,High,8.075955267916088
392,6,F,FVB/N,Medium,17.742682418359724
393,7,F,C57BL/6,Low,15.482248952680656
394,2,F,DBA/2,Low,1.7623375776727022
395,11,M,FVB/N,Medium,28.869156064389273
396,10,F,DBA/2,Medium,21.887290837266743
397,2,F,C57BL/6,Low,4.236713895821419
398,10,F,C57BL/6,High,25.0379378354476
399,1,M,FVB/N,High,10.68332899281107
400,8,M,C57BL/6,High,21.79068618042064
401,1,F,129/Sv,Low,5.072978047766012
402,9,M,BALB/c,Medium,23.36387249461936
403,11,F,FVB/N,Low,24.214013967365016
404,6,M,DBA/2,Medium,12.618955396846225
405,7,M,129/Sv,High,21.303818595604877
406,10,M,FVB/N,High,28.721562505126144
407,7,M,C57BL/6,Medium,17.76913362615523
408,10,F,C57BL/6,Medium,24.453260663321036
409,3,F,C57BL/6,Low,5.661394200276751
410,2,F,C57BL/6,High,9.692918623031611
411,9,M,DBA/2,Low,17.394139179241108
412,8,F,129/Sv,Low,19.719377906207296
413,12,F,BALB/c,Low,25.99251535316812
414,10,F,DBA/2,High,22.23334341221665
415,7,M,DBA/2,Low,13.45044286409142
416,9,M,BALB/c,Low,19.859587886979803
417,4,M,BALB/c,Low,8.612869350210484
418,4,F,C57BL/6,Low,8.954588782067761
419,1,F,DBA/2,Low,1.0253884205424102
420,8,F,FVB/N,Low,17.080326843802343
421,12,M,BALB/c,High,28.986162253905764
422,3,M,BALB/c,Low,6.310272225935826
423,7,F,129/Sv,Medium,17.506877177600227
424,12,M,FVB/N,Low,29.443632003468814
425,2,M,FVB/N,Low,6.743493105720743
426,2,M,BALB/c,High,9.813205186747977
427,7,M,C57BL/6,High,19.721037069668192
428,6,F,129/Sv,Medium,15.720239831504166
429,3,M,FVB/N,Medium,12.790371896051711
430,9,M,BALB/c,High,23.34005129456889
431,10,M,FVB/N,High,28.57061299721953
432,6,M,129/Sv,Low,15.968184660532861
433,10,F,129/Sv,High,25.668691616816677
434,10,F,DBA/2,Medium,20.38776326549225
435,6,M,BALB/c,Low,11.914849473442201
436,1,M,129/Sv,Medium,6.174589470021045
437,4,M,DBA/2,Low,10.949094425308726
438,10,M,DBA/2,High,25.244679580736786
439,6,M,FVB/N,Medium,16.64892563379198
440,6,M,FVB/N,Low,14.67754204325643
441,11,F,DBA/2,Low,21.481866061718492
442,12,M,FVB/N,High,32.54726479737797
443,5,F,129/Sv,High,16.548883835317366
444,1,F,C57BL/6,High,6.745044206446302
445,8,M,129/Sv,Medium,20.8745457399971
446,5,F,DBA/2,Low,9.327879524159357
447,12,F,DBA/2,High,27.08589300629333
448,12,F,129/Sv,Medium,25.780699627252464
449,12,F,FVB/N,Medium,28.770200369424806
450,5,F,FVB/N,Medium,14.148593565739686
451,7,F,DBA/2,High,17.17521141890851
452,4,M,BALB/c,High,15.98525900260341
453,6,F,FVB/N,Low,15.367481665474305
454,4,F,129/Sv,Low,9.686470313827602
455,3,F,FVB/N,High,13.921801501977253
456,7,M,129/Sv,Medium,19.482687887209213
457,8,F,DBA/2,Medium,17.42009449045184
458,4,M,FVB/N,Medium,14.606850593215672
459,2,F,129/Sv,Low,8.056543564829541
460,12,M,DBA/2,Medium,24.869111564674085
461,10,M,BALB/c,Low,21.473632076811455
462,3,F,129/Sv,Low,7.0736188700184615
463,1,F,BALB/c,Medium,4.555512646342248
464,8,M,BALB/c,Medium,18.081313488513906
465,3,F,C57BL/6,High,10.582633186394915
466,12,M,FVB/N,High,31.704910085762094
467,10,M,129/Sv,Medium,25.97581671934471
468,7,M,BALB/c,Low,15.918454443942414
469,10,M,C57BL/6,Low,20.754282623553614
470,5,M,DBA/2,Low,10.054934110999849
471,10,F,129/Sv,Low,21.290420145250827
472,5,M,BALB/c,Low,9.741495089324665
473,7,M,FVB/N,High,21.78298294957563
474,9,F,C57BL/6,Medium,20.69151721154418
475,12,M,BALB/c,High,31.426716486345523
476,5,F,FVB/N,Low,13.432959825360696
477,1,F,BALB/c,Low,0.6223824992457627
478,10,F,129/Sv,Low,21.435225995829057
479,10,M,129/Sv,Low,24.0213832954294
480,1,M,129/Sv,Medium,9.088442772869925
481,2,M,C57BL/6,Low,4.414016687762041
482,6,F,129/Sv,Medium,14.120075614860955
483,9,M,FVB/N,Low,23.870965175371783
484,8,F,BALB/c,Medium,18.389614177370905
485,5,M,DBA/2,High,13.131707268123634
486,1,F,FVB/N,Low,5.534629086122435
487,7,M,FVB/N,Medium,17.364252260983122
488,5,M,129/Sv,High,17.003375506597163
489,6,M,C57BL/6,Low,14.327821172843086
490,7,F,BALB/c,Low,14.92427013953783
491,3,F,C57BL/6,Low,5.986104047707462
492,12,M,BALB/c,Medium,27.08568716140336
493,10,M,BALB/c,Medium,22.074575373940412
494,3,F,C57BL/6,High,11.255383755674318
495,5,F,FVB/N,Medium,14.104653677636977
496,6,F,BALB/c,Medium,13.591899160839779
497,9,M,C57BL/6,Low,19.004184605209772
498,12,F,BALB/c,Low,24.651136241823657
499,5,M,DBA/2,Low,10.858451116656665
500,1,F,FVB/N,Low,4.765379430042586
501,4,M,129/Sv,Low,11.038237994960028
502,5,F,BALB/c,Low,8.551408585366456
503,12,F,DBA/2,Low,22.700323351993212
504,10,F,129/Sv,High,25.949795382958253
505,10,F,129/Sv,High,28.620793091029974
506,5,F,BALB/c,High,12.888032974225837
507,7,M,C57BL/6,High,21.464177238752438
508,4,F,BALB/c,Low,8.996858773465808
509,1,F,DBA/2,High,5.280636404490137
510,5,F,129/Sv,Low,13.758620484195134
511,7,M,BALB/c,High,19.37210547260686
512,10,F,C57BL/6,Medium,23.38915919566793
513,10,M,BALB/c,High,24.946879346982456
514,6,F,FVB/N,High,20.22356888241863
515,5,F,C57BL/6,Low,12.096469233810884
516,4,M,DBA/2,High,11.374322712503787
517,2,F,129/Sv,Medium,6.680752805401233
518,4,M,BALB/c,Low,8.797019362604344
519,10,M,C57BL/6,Low,21.199961435602354
520,10,F,FVB/N,High,26.936475425384646
521,3,M,C57BL/6,Low,9.237438134684139
522,10,F,FVB/N,Low,22.54269834491321
523,1,F,DBA/2,Low,0.9571766186884251
524,8,M,129/Sv,Low,19.058022734808397
525,5,M,DBA/2,Low,10.848430882205285
526,4,M,BALB/c,Low,6.753110666015395
527,8,M,C57BL/6,Medium,19.393299705234703
528,7,F,FVB/N,High,21.211283692279473
529,2,F,FVB/N,Medium,10.20007895642686
530,1,M,C57BL/6,Low,3.508097552493795
531,12,F,C57BL/6,Low,23.123447293958126
532,11,F,BALB/c,High,26.619711445966136
533,4,F,DBA/2,Medium,8.36463761117437
534,8,F,FVB/N,High,21.81033334090964
535,12,M,BALB/c,Medium,26.375654610286777
536,2,M,DBA/2,Low,3.8154746423441503
537,3,F,BALB/c,High,9.395255335461787
538,12,M,FVB/N,High,29.79443394290093
539,1,M,C57BL/6,Low,4.897066196887132
540,1,M,C57BL/6,High,9.274875041278722
541,3,F,DBA/2,Medium,7.651521991339505
542,11,F,129/Sv,Medium,24.862314329575185
543,5,F,DBA/2,Medium,10.798508466052482
544,12,M,129/Sv,Medium,28.99347868477054
545,3,F,BALB/c,Low,6.598794389561911
546,1,F,BALB/c,High,6.668340488718081
547,1,M,FVB/N,Medium,7.265826201221504
548,8,F,129/Sv,Low,18.08199555641356
549,10,F,FVB/N,High,27.45728040461524
550,11,M,C57BL/6,High,29.455822322146766
551,12,M,129/Sv,Low,27.704506539824724
552,12,M,DBA/2,Low,24.78905668737552
553,2,F,C57BL/6,Medium,7.083826627929361
554,3,F,C57BL/6,High,12.410459145203504
555,2,F,DBA/2,High,7.409762795959497
556,3,M,C57BL/6,Low,7.138912089826429
557,7,M,129/Sv,High,22.40336997012519
558,1,F,FVB/N,Medium,7.697903272539028
559,10,F,C57BL/6,High,24.556955978871517
560,8,M,129/Sv,Low,18.520507032600758
561,10,M,BALB/c,Low,21.29657554514076
562,10,M,129/Sv,Medium,25.463184795267583
563,10,M,FVB/N,Medium,26.197292265631205
564,2,F,129/Sv,High,10.311308673442884
565,3,M,DBA/2,High,11.69995737457638
566,9,F,FVB/N,Low,22.071543152234884
567,7,F,BALB/c,Medium,16.190635591265025
568,4,F,DBA/2,Medium,9.941310580767484
569,10,M,129/Sv,Medium,23.96747609647246
570,5,M,FVB/N,High,18.39792704994681
571,2,M,BALB/c,Medium,8.80930634973311
572,11,M,DBA/2,Low,21.781954104607625
573,8,F,BALB/c,Low,15.152366071380914
574,4,M,129/Sv,High,14.347911111406939
575,9,M,BALB/c,High,21.910366962657612
576,5,F,C57BL/6,Medium,12.215238091872296
577,9,M,DBA/2,High,21.62949190140997
578,4,F,BALB/c,Low,6.594432980821358
579,10,F,129/Sv,Medium,24.015618333949604
580,5,F,129/Sv,Low,12.902277173786647
581,9,F,BALB/c,Medium,19.09224381985308
582,8,F,129/Sv,High,23.51928392364177
583,3,F,FVB/N,Medium,11.510792088527595
584,1,F,FVB/N,Medium,8.030580585624058
585,3,F,FVB/N,Low,8.342165446147863
586,4,M,C57BL/6,Low,10.854525227066615
587,2,M,BALB/c,Medium,5.908066099604687
588,1,M,C57BL/6,High,8.890247500836509
589,7,M,129/Sv,High,21.171839339793532
590,8,F,C57BL/6,Low,17.553251219984784
591,7,M,129/Sv,High,19.824405394375148
592,5,F,129/Sv,Low,11.104930157723395
593,12,M,DBA/2,High,28.597228218253385
594,1,M,FVB/N,Medium,7.051651995775799
595,7,M,129/Sv,Low,17.463206292099123
596,7,F,DBA/2,Low,11.632862193539754
597,9,M,FVB/N,Medium,24.848174212666667
598,3,F,129/Sv,Low,6.767476685231491
599,9,F,129/Sv,High,24.552299937679525
600,1,M,C57BL/6,High,8.625630933646
601,1,M,C57BL/6,Low,3.303228181570425
602,4,M,FVB/N,High,16.58202656708473
603,9,F,129/Sv,Low,20.260442263333555
604,6,M,BALB/c,Medium,14.461158143807262
605,11,F,C57BL/6,Low,21.99144531592379
606,3,F,FVB/N,Medium,9.03737430832742
607,1,M,129/Sv,High,9.349650047299694
608,4,M,129/Sv,Medium,11.435197228637945
609,12,F,BALB/c,High,28.095344199441307
610,9,F,FVB/N,Low,20.73655178391775
611,3,F,129/Sv,High,12.679142775438196
612,12,M,C57BL/6,Low,25.697954500510136
613,9,F,BALB/c,Low,17.670552213652908
614,7,M,FVB/N,Medium,20.731870704288294
615,12,F,BALB/c,Medium,26.335058029084117
616,4,F,C57BL/6,Medium,11.316155957182778
617,3,M,FVB/N,Medium,12.469267589808526
618,10,F,BALB/c,High,22.464427876792893
619,5,M,DBA/2,High,14.756788679986983
620,5,M,C57BL/6,High,16.6124687940136
621,3,F,C57BL/6,Low,5.9833168714235025
622,12,M,C57BL/6,High,29.755919526325798
623,9,M,DBA/2,High,21.960692712372367
624,4,F,DBA/2,High,10.865503215598267
625,11,M,129/Sv,Medium,27.333859966568536
626,5,M,BALB/c,High,16.431366781831183
627,4,M,129/Sv,Low,12.081766727672829
628,5,F,BALB/c,Medium,10.687780806568593
629,7,M,DBA/2,Low,14.622069990306048
630,9,F,DBA/2,High,22.32893331953541
631,7,F,129/Sv,Medium,18.386808520689204
632,5,M,FVB/N,Low,15.090980425185966
633,10,M,129/Sv,High,29.012270445700764
634,10,M,BALB/c,Low,22.023709546106982
635,7,F,129/Sv,Low,16.24930859564173
636,10,M,C57BL/6,Low,23.045088474084753
637,5,M,BALB/c,High,15.144887833096892
638,3,M,BALB/c,High,11.023903043284955
639,7,M,FVB/N,Low,17.648585764286267
640,11,M,DBA/2,Medium,25.563413358832108
641,11,F,BALB/c,Medium,23.181571334058
642,2,F,DBA/2,High,8.532367724678116
643,12,M,129/Sv,High,31.499864123740373
644,9,M,C57BL/6,High,22.600693825198057
645,10,M,FVB/N,High,28.367649292991423
646,10,M,DBA/2,High,21.899973492348376
647,12,F,BALB/c,Medium,26.625508016831034
648,1,M,DBA/2,High,6.885231482988991
649,6,F,BALB/c,Low,11.407644044347947
650,7,F,DBA/2,Low,13.123547695955581
651,8,M,BALB/c,Medium,20.954157433750286
652,10,F,129/Sv,Low,21.494253295738062
653,9,F,BALB/c,Medium,18.941092412943398
654,2,F,BALB/c,Medium,7.4816634024625985
655,11,F,C57BL/6,Low,24.962587190530794
656,10,M,BALB/c,High,25.003695671847847
657,2,M,C57BL/6,Low,7.011463035408356
658,5,F,FVB/N,Low,14.34147591553088
659,5,M,C57BL/6,Medium,13.257515767461616
660,6,M,129/Sv,Low,14.514694164632132
661,3,M,C57BL/6,Medium,11.230874513154735
662,8,M,FVB/N,High,25.685014278708508
663,1,M,129/Sv,High,9.562880860174355
664,6,F,DBA/2,High,14.120185646497946
665,4,M,DBA/2,Low,9.987061111699441
666,1,M,C57BL/6,Medium,5.469029102188036
667,7,M,C57BL/6,High,19.66486221882855
668,9,M,FVB/N,Medium,24.342337834489623
669,4,F,FVB/N,Medium,14.554160420714775
670,4,F,BALB/c,High,12.853975976552224
671,6,F,FVB/N,High,19.41486550036191
672,12,F,BALB/c,Medium,26.463288530118106
673,3,M,129/Sv,High,13.043514668643466
674,12,F,C57BL/6,Medium,27.558139514518505
675,6,M,129/Sv,Medium,14.470439922305697
676,7,M,FVB/N,High,21.703392540930203
677,11,M,129/Sv,Low,25.24132193491678
678,10,M,129/Sv,High,25.848985916380492
679,10,M,129/Sv,Low,23.38632331781156
680,3,F,FVB/N,Medium,10.795528779013878
681,7,F,129/Sv,Medium,19.75547569831549
682,3,F,BALB/c,Low,7.573019725214857
683,2,F,FVB/N,Medium,8.534194430881836
684,12,M,129/Sv,Low,26.849162288433305
685,10,F,FVB/N,Low,22.926052434391607
686,4,M,DBA/2,Medium,9.548340523840377
687,12,F,BALB/c,Low,24.195024984028127
688,8,M,129/Sv,High,22.24171793111241
689,9,M,DBA/2,High,20.869384665062473
690,7,F,DBA/2,Medium,15.622711223900268
691,1,M,FVB/N,Medium,8.62952958422181
692,3,M,DBA/2,Low,5.195684240340007
693,12,F,BALB/c,Low,24.8953554307626
694,9,M,BALB/c,Low,18.368422270834667
695,12,F,C57BL/6,Low,25.25316523803798
696,1,F,BALB/c,High,6.820344012612456
697,9,F,DBA/2,High,20.966387435296287
698,8,M,BALB/c,Medium,19.454740912141133
699,1,M,FVB/N,Low,5.483570356112429
700,6,M,C57BL/6,Low,13.803533416571902
701,5,F,DBA/2,Medium,10.79414056911966
702,6,M,C57BL/6,Low,13.25342165345976
703,10,F,DBA/2,Low,18.82322583688422
704,12,F,FVB/N,Low,25.451381701136253
705,5,M,C57BL/6,Low,11.508846252857895
706,6,F,129/Sv,Low,13.71512450663033
707,5,M,DBA/2,Medium,11.74382024750462
708,11,M,129/Sv,Low,24.758502554129223
709,12,M,C57BL/6,Medium,27.93823580013987
710,5,M,129/Sv,Low,13.479441518086064
711,4,M,129/Sv,High,15.874517074132523
712,3,F,C57BL/6,High,10.350234773151733
713,3,F,FVB/N,High,11.796799144610855
714,4,F,129/Sv,High,12.957955587756897
715,9,M,129/Sv,Medium,22.51279707880507
716,2,M,FVB/N,Medium,9.64807868218349
717,9,M,129/Sv,Low,20.230003933802543
718,1,F,129/Sv,High,6.703883335750105
719,1,M,129/Sv,Medium,6.543879172525812
720,5,F,BALB/c,Low,10.181426620113971
721,6,F,FVB/N,Low,15.595029465835564
722,6,M,129/Sv,Medium,16.44257694689168
723,3,M,FVB/N,High,13.587002177856565
724,7,F,DBA/2,Low,12.07330169115269
725,9,M,DBA/2,High,21.968560829625222
726,11,F,129/Sv,High,27.151571365809186
727,12,M,FVB/N,High,32.5731278132412
728,10,M,FVB/N,Low,22.21413350806589
729,8,F,FVB/N,High,22.640370327547537
730,6,M,BALB/c,Low,13.301107339191741
731,12,F,DBA/2,High,27.183834516322506
732,8,M,FVB/N,Low,22.693033663980497
733,12,F,FVB/N,High,31.34980002456791
734,5,F,BALB/c,Medium,10.99594540315799
735,8,M,BALB/c,High,20.904535752910927
736,10,F,FVB/N,High,25.223753666533547
737,12,M,C57BL/6,Low,25.91940025070324
738,4,M,FVB/N,Low,11.166943942999241
739,10,M,FVB/N,High,28.915390275560164
740,8,F,BALB/c,Medium,17.450459725404464
741,10,F,BALB/c,Medium,21.883234084204755
742,12,M,FVB/N,Low,27.364442158595597
743,2,M,FVB/N,Medium,11.73885135185333
744,12,F,FVB/N,High,30.678757233882088
745,12,M,BALB/c,Low,26.832557043479202
746,5,M,FVB/N,High,18.814151762118268
747,9,F,FVB/N,Low,21.482066727335386
748,4,M,129/Sv,Low,11.36873314731752
749,11,F,C57BL/6,Low,23.393797298216253
750,6,M,DBA/2,Low,10.07232742065439
751,1,F,C57BL/6,Medium,4.721116605849243
752,9,M,129/Sv,High,25.84515797118432
753,1,M,DBA/2,High,5.951102816525895
754,5,F,FVB/N,High,15.594810153196425
755,4,M,129/Sv,Low,10.94759554942253
756,12,F,FVB/N,Medium,30.704105516255492
757,3,M,BALB/c,High,12.24689171553472
758,6,F,129/Sv,Medium,15.937995990633969
759,2,F,BALB/c,Low,4.951449277058087
760,3,F,129/Sv,High,11.633492979631948
761,5,F,129/Sv,Medium,12.296128413173282
762,9,M,BALB/c,Low,18.075534011870445
763,2,M,DBA/2,Medium,7.562888768508198
764,10,F,C57BL/6,High,24.726006918170697
765,8,F,FVB/N,High,22.756616020624982
766,2,F,129/Sv,Low,5.70016180372512
767,11,M,FVB/N,Low,27.904136589573007
768,5,M,BALB/c,Low,12.625958915362062
769,7,M,FVB/N,Medium,22.218780233448133
770,8,M,BALB/c,Medium,18.840954789599948
771,1,F,FVB/N,Medium,7.295624488747095
772,6,F,C57BL/6,Low,11.48335745057921
773,1,F,C57BL/6,High,8.476934426118275
774,2,M,C57BL/6,High,8.832220448732064
775,1,M,C57BL/6,Medium,6.216775563762629
776,11,M,C57BL/6,Medium,24.902697472367155
777,5,F,C57BL/6,High,14.411133173261303
778,10,F,BALB/c,High,23.1627375689503
779,9,M,129/Sv,Medium,22.39212473932418
780,6,F,FVB/N,Medium,16.46087729685102
781,11,M,C57BL/6,High,27.45173120507492
782,11,M,BALB/c,Low,23.833333911780308
783,1,F,BALB/c,Medium,2.8951372069374797
784,1,M,BALB/c,High,7.220541427013867
785,2,F,129/Sv,High,11.217959152305559
786,9,M,FVB/N,High,25.486803635486606
787,3,F,129/Sv,High,11.282081109252399
788,1,F,DBA/2,Low,0.7694753748197491
789,5,F,BALB/c,High,15.17972520836071
790,7,M,DBA/2,Medium,16.194107630953358
791,6,M,C57BL/6,Low,13.468785705392401
792,12,F,C57BL/6,High,29.48387665118804
793,1,F,129/Sv,Low,2.8977078501635765
794,5,M,FVB/N,Medium,16.68135951044295
795,5,M,DBA/2,High,14.408607307701768
796,6,M,FVB/N,Medium,17.692191528861116
797,3,F,129/Sv,High,11.16141420155277
798,5,M,C57BL/6,High,15.113319077716543
799,7,M,FVB/N,High,22.53481733634591
800,5,F,FVB/N,High,18.228980502489062
801,5,M,C57BL/6,High,15.362692252971206
802,5,M,DBA/2,Low,10.458386703551485
803,10,M,C57BL/6,High,23.91297298139793
804,10,F,FVB/N,High,26.4153822693428
805,3,F,DBA/2,Low,4.968941067129098
806,1,F,DBA/2,Low,0.09031658301816636
807,5,F,C57BL/6,Low,10.063493625210404
808,9,F,FVB/N,Low,20.332220443531114
809,1,F,129/Sv,Low,4.292192728326373
810,3,F,FVB/N,Low,8.812670981593625
811,4,M,BALB/c,High,10.761768766675027
812,1,M,129/Sv,High,6.879299847364933
813,1,F,DBA/2,Medium,2.393134822142825
814,8,M,129/Sv,High,23.45768658605355
815,2,M,DBA/2,High,5.252495157274765
816,12,F,DBA/2,Low,22.50026982384837
817,8,M,129/Sv,Low,18.473752143482578
818,7,M,DBA/2,High,19.38833777820845
819,10,M,DBA/2,Medium,21.614978188287136
820,10,M,BALB/c,Low,21.38298898474093
821,2,M,FVB/N,High,12.141257140087463
822,6,F,FVB/N,High,16.8694335201928
823,6,F,BALB/c,Medium,14.768207216631737
824,3,F,129/Sv,Medium,10.215396505456289
825,11,M,C57BL/6,Low,24.50826863967459
826,2,F,C57BL/6,Medium,10.926237706436327
827,12,M,C57BL/6,High,27.91588706050141
828,1,M,BALB/c,High,8.724696649761109
829,6,M,BALB/c,Medium,14.712552480599644
830,12,M,DBA/2,Medium,26.287328904403008
831,5,F,C57BL/6,Medium,12.954487754698757
832,11,F,129/Sv,Medium,25.575763666601958
833,9,M,129/Sv,Low,20.43016707176124
834,1,F,C57BL/6,Medium,5.329508735573009
835,7,M,C57BL/6,Low,14.48282630332832
836,5,F,C57BL/6,High,15.750579167521765
837,5,F,BALB/c,Medium,11.583805595114747
838,2,M,BALB/c,Low,3.869930660959642
839,11,F,BALB/c,Medium,23.549987142004188
840,3,M,FVB/N,High,15.257149216862572
841,7,F,129/Sv,High,19.46466491298378
842,6,M,129/Sv,High,19.35845361820962
843,12,M,DBA/2,Medium,25.269043724284526
844,2,F,BALB/c,Medium,6.757921849923619
845,6,F,FVB/N,Low,15.685507738790204
846,2,M,FVB/N,High,13.848608833296412
847,2,F,129/Sv,Medium,7.824436054500785
848,2,F,BALB/c,High,8.668654804757907
849,11,M,DBA/2,High,26.098067539538945
850,3,M,BALB/c,Low,8.295871781863013
851,2,F,C57BL/6,Low,4.28116761239127
852,4,M,BALB/c,Low,9.74500531287728
853,9,M,C57BL/6,Low,19.805302703883317
854,6,M,C57BL/6,High,17.935811822891502
855,1,F,DBA/2,Low,1.0917524844483728
856,8,F,129/Sv,Low,18.25224039642668
857,12,M,BALB/c,Low,24.883770956878042
858,7,F,C57BL/6,Low,15.214713183170526
859,10,M,BALB/c,High,26.578118057562186
860,3,F,129/Sv,Low,8.985449685615219
861,1,M,129/Sv,High,9.869154592496896
862,5,M,FVB/N,Medium,15.544460473976129
863,4,F,129/Sv,High,13.110759171771676
864,10,M,DBA/2,High,24.955300558237752
865,8,F,C57BL/6,Low,17.876046792529795
866,1,F,FVB/N,Medium,8.472670675750981
867,10,M,DBA/2,Medium,21.39601937403077
868,1,M,BALB/c,Medium,4.770451344639653
869,12,F,C57BL/6,Medium,25.360515837474566
870,4,M,129/Sv,High,14.607528893939127
871,8,M,C57BL/6,Medium,20.996570510579446
872,5,M,BALB/c,High,14.533504620771803
873,2,M,FVB/N,High,12.640479795200823
874,6,M,FVB/N,High,19.809496894002187
875,5,F,FVB/N,Medium,15.32405702822156
876,2,F,129/Sv,Low,4.852308610184332
877,11,M,DBA/2,Low,22.0852094496339
878,11,M,DBA/2,Medium,21.00886402909928
879,11,M,C57BL/6,Low,23.813103841838014
880,3,F,129/Sv,Low,6.36952675628486
881,9,M,FVB/N,High,27.205994516546816
882,7,F,FVB/N,High,21.777407352764513
883,7,F,BALB/c,Medium,16.466670981966082
884,11,F,BALB/c,Medium,25.52100622715938
885,6,M,FVB/N,Low,15.051083479175162
886,8,F,FVB/N,High,24.747363197915558
887,4,M,129/Sv,Medium,13.932191564260386
888,8,F,DBA/2,Medium,16.763444712781055
889,4,M,BALB/c,Medium,12.135620147182944
890,8,F,DBA/2,Medium,15.893706487588366
891,9,M,129/Sv,Medium,22.175485838472326
892,3,F,FVB/N,Medium,10.3914102767603
893,3,M,DBA/2,Low,5.471022291935984
894,11,M,FVB/N,High,28.943442357239746
895,2,M,FVB/N,High,13.223083067095326
896,10,M,C57BL/6,Medium,23.74114559963017
897,3,F,DBA/2,High,9.352504968356879
898,3,F,DBA/2,High,8.42964863358632
899,5,M,FVB/N,High,16.179396699451484
900,5,F,129/Sv,Medium,14.270057358391423
901,2,M,C57BL/6,Medium,6.087745024580223
902,12,M,FVB/N,High,31.931365953914533
903,10,F,BALB/c,High,22.63168496116719
904,6,M,BALB/c,Medium,16.987275999230807
905,5,M,C57BL/6,Low,12.911362722174722
906,6,F,129/Sv,High,18.105753791271482
907,1,M,FVB/N,Low,7.263706677654668
908,5,M,DBA/2,High,13.153684022534264
909,9,M,C57BL/6,Low,20.543479378670092
910,12,M,129/Sv,Low,27.199810433718714
911,10,F,DBA/2,Low,19.26402008133367
912,2,F,BALB/c,Medium,7.272353500106767
913,1,F,BALB/c,Low,2.732492102779802
914,10,M,DBA/2,Low,20.288723662825024
915,11,M,C57BL/6,Low,22.345112563771703
916,9,F,BALB/c,High,21.039953704720535
917,10,M,FVB/N,Low,23.877291066404275
918,9,M,DBA/2,High,22.09337237427665
919,9,M,DBA/2,Low,16.869796275326078
920,6,M,BALB/c,Low,15.411676675578422
921,8,F,C57BL/6,Medium,20.516394055253574
922,11,F,FVB/N,High,29.602118320392485
923,1,F,C57BL/6,Low,3.0720368612837445
924,10,M,129/Sv,High,26.787791030098848
925,4,F,129/Sv,High,13.048081539977764
926,1,F,BALB/c,Medium,4.077480518518863
927,8,M,BALB/c,Medium,19.25775254014275
928,1,M,BALB/c,Medium,3.7582394245183757
929,3,F,129/Sv,Medium,10.334176417244898
930,4,F,C57BL/6,Medium,10.84474095117525
931,8,F,C57BL/6,Medium,17.09219244212261
932,6,F,BALB/c,Medium,13.139614989220497
933,10,M,FVB/N,Medium,25.586394466578355
934,12,F,C57BL/6,Low,26.88768765734019
935,7,F,129/Sv,High,20.556553124533757
936,8,M,DBA/2,Medium,16.66451843090011
937,2,F,DBA/2,Medium,5.486036289417637
938,10,M,DBA/2,High,22.452696011061633
939,11,M,FVB/N,Low,27.082691053887075
940,8,M,BALB/c,High,20.528875348182122
941,3,F,129/Sv,High,11.90636381126083
942,7,F,FVB/N,Medium,20.32579664754219
943,3,M,129/Sv,High,11.71283643141575
944,7,F,129/Sv,High,18.60288181488701
945,11,F,BALB/c,Medium,23.416400673653996
946,12,M,DBA/2,Medium,27.038378851019317
947,2,M,BALB/c,Medium,5.480653924523158
948,10,F,FVB/N,Medium,22.167844401889433
949,6,M,FVB/N,High,19.548841141591
950,3,F,FVB/N,High,13.55174079991092
951,3,F,BALB/c,Low,7.2002617497388295
952,9,F,129/Sv,Low,19.536838637914602
953,7,F,129/Sv,High,19.588573392883998
954,5,M,C57BL/6,Low,13.153900734255748
955,12,M,FVB/N,High,30.13025830030458
956,10,M,129/Sv,Low,22.61147922481699
957,7,M,C57BL/6,Medium,18.190423889925057
958,9,F,129/Sv,Low,20.449218721285035
959,1,F,FVB/N,Medium,6.490193306809117
960,7,M,DBA/2,Medium,16.03444101170584
961,6,F,FVB/N,Medium,14.51167264658701
962,10,F,BALB/c,Medium,21.341751587666153
963,12,F,129/Sv,Low,26.453508712554466
964,9,M,129/Sv,High,24.01770596574532
965,1,M,BALB/c,Medium,5.058984221589597
966,4,M,BALB/c,Low,9.446872500802698
967,9,F,DBA/2,Medium,18.657450799142236
968,4,M,129/Sv,Low,11.170463770996571
969,10,M,129/Sv,Low,22.03726743471539
970,3,M,DBA/2,Low,5.793388720303954
971,9,M,C57BL/6,High,24.610216169589222
972,2,M,DBA/2,Low,4.156972960968434
973,4,M,FVB/N,Low,11.413468730436065
974,6,F,129/Sv,High,18.224216404290793
975,2,F,BALB/c,High,8.714609790636619
976,8,M,FVB/N,Low,17.950058721422522
977,8,M,129/Sv,High,24.1590740649559
978,1,F,DBA/2,Medium,2.663745261318928
979,12,F,FVB/N,Medium,29.42548993324023
980,3,M,129/Sv,High,14.197246923645228
981,10,M,C57BL/6,High,24.628326302769533
982,9,M,C57BL/6,Low,19.290558997572454
983,5,M,BALB/c,High,14.711451304124296
984,6,F,129/Sv,Low,13.216246478875572
985,4,M,C57BL/6,Medium,13.734936575836809
986,10,M,DBA/2,High,23.14322790617321
987,2,M,129/Sv,Low,6.444453220513133
988,11,M,DBA/2,Low,22.204389031602975
989,8,F,DBA/2,Medium,15.797850473923912
990,11,F,C57BL/6,High,26.604319288243737
991,6,F,129/Sv,Medium,16.317453261250176
992,5,M,FVB/N,Low,13.667139595617488
993,9,M,C57BL/6,Low,19.906613141100053
994,1,F,C57BL/6,High,6.470667887551629
995,5,M,129/Sv,Low,11.485529690819233
996,6,M,129/Sv,High,19.321593211339238
997,5,F,DBA/2,Medium,12.754933071647242
998,6,F,129/Sv,High,18.018401630783437
999,6,F,DBA/2,High,15.22526411724755
1000,7,F,C57BL/6,Low,15.69272275511686
